function,max_memory,runtime
calculate_total_counts,3530.1484375,305.6807510852814
calculate_total_counts,3773.41015625,292.6170725822449
calculate_gene_counts,2275.765625,298.0481986999512
calculate_gene_counts,2303.515625,296.52025175094604
