function,max_memory,runtime
test_filter,107.09765625,0.2328693866729736
test_filter,116.9296875,0.2346413135528564
calculate_total_counts,3807.98046875,264.7599449157715
calculate_total_counts,3783.5234375,260.1030068397522
calculate_gene_counts,2275.765625,151.0481986999512
calculate_gene_counts,2265.87109375,149.39992475509644
expression_normalize,29388.96875,3841.9554722309113
expression_log,29895.09375,4025.6747019290924
